Lane_ID,Average_Velocity_ft_per_s
1,28.313300949824015
2,30.6306477899604
3,31.06380726006479
4,31.31753689371883
5,33.841547548793635
6,49.58314651604421
7,44.79385884795018
8,57.16806195786865
