Lane_ID,Average_Velocity_ft_per_s
1,27.644176417726023
2,29.108173669081292
3,28.589656021284455
4,30.082242703011858
5,32.782357155319055
6,50.35407938981383
7,43.57790453622207
8,57.82340563991323
